text,label
plant affected with dry patches,Tomato Early Blight
leaves have dry patches,Tomato Early Blight
clear signs of brown spots,Tomato Early Blight
plant leaves show dry patches,Tomato Early Blight
clear signs of brown spots,Tomato Early Blight
symptoms include dry patches on leaves,Tomato Early Blight
plant leaves show circular lesions,Tomato Early Blight
clear signs of brown spots,Tomato Early Blight
clear signs of circular lesions,Tomato Early Blight
clear signs of dry patches,Tomato Early Blight
clear signs of dry patches,Tomato Early Blight
clear signs of circular lesions,Tomato Early Blight
leaves have brown spots,Tomato Early Blight
symptoms include circular lesions on leaves,Tomato Early Blight
plant leaves show brown spots,Tomato Early Blight
visible brown spots on plant leaves,Tomato Early Blight
leaf showing circular lesions symptoms,Tomato Early Blight
clear signs of brown spots,Tomato Early Blight
plant leaves show circular lesions,Tomato Early Blight
plant leaves show circular lesions,Tomato Early Blight
plant leaves show dry patches,Tomato Early Blight
plant affected with circular lesions,Tomato Early Blight
leaves have dry patches,Tomato Early Blight
plant affected with dry patches,Tomato Early Blight
clear signs of dry patches,Tomato Early Blight
leaves have brown spots,Tomato Early Blight
plant affected with dry patches,Tomato Early Blight
visible circular lesions on plant leaves,Tomato Early Blight
plant affected with brown spots,Tomato Early Blight
plant leaves show circular lesions,Tomato Early Blight
clear signs of dry patches,Tomato Early Blight
clear signs of circular lesions,Tomato Early Blight
leaves have circular lesions,Tomato Early Blight
symptoms include circular lesions on leaves,Tomato Early Blight
leaf showing brown spots symptoms,Tomato Early Blight
plant affected with brown spots,Tomato Early Blight
visible brown spots on plant leaves,Tomato Early Blight
leaf showing brown spots symptoms,Tomato Early Blight
visible brown spots on plant leaves,Tomato Early Blight
plant affected with dry patches,Tomato Early Blight
visible brown spots on plant leaves,Tomato Early Blight
visible circular lesions on plant leaves,Tomato Early Blight
symptoms include circular lesions on leaves,Tomato Early Blight
visible circular lesions on plant leaves,Tomato Early Blight
symptoms include circular lesions on leaves,Tomato Early Blight
plant affected with brown spots,Tomato Early Blight
leaf showing brown spots symptoms,Tomato Early Blight
visible circular lesions on plant leaves,Tomato Early Blight
plant leaves show dry patches,Tomato Early Blight
visible brown spots on plant leaves,Tomato Early Blight
leaf showing water soaked lesions symptoms,Tomato Late Blight
symptoms include water soaked lesions on leaves,Tomato Late Blight
leaves have black rot,Tomato Late Blight
clear signs of leaf decay,Tomato Late Blight
leaf showing leaf decay symptoms,Tomato Late Blight
clear signs of leaf decay,Tomato Late Blight
symptoms include leaf decay on leaves,Tomato Late Blight
leaves have black rot,Tomato Late Blight
clear signs of water soaked lesions,Tomato Late Blight
leaves have water soaked lesions,Tomato Late Blight
plant leaves show leaf decay,Tomato Late Blight
symptoms include water soaked lesions on leaves,Tomato Late Blight
plant leaves show leaf decay,Tomato Late Blight
leaves have black rot,Tomato Late Blight
symptoms include water soaked lesions on leaves,Tomato Late Blight
symptoms include black rot on leaves,Tomato Late Blight
plant affected with leaf decay,Tomato Late Blight
plant affected with leaf decay,Tomato Late Blight
visible black rot on plant leaves,Tomato Late Blight
clear signs of leaf decay,Tomato Late Blight
leaves have leaf decay,Tomato Late Blight
plant affected with black rot,Tomato Late Blight
leaf showing water soaked lesions symptoms,Tomato Late Blight
visible black rot on plant leaves,Tomato Late Blight
plant leaves show black rot,Tomato Late Blight
plant affected with black rot,Tomato Late Blight
leaves have black rot,Tomato Late Blight
leaf showing leaf decay symptoms,Tomato Late Blight
plant affected with black rot,Tomato Late Blight
plant leaves show black rot,Tomato Late Blight
leaf showing water soaked lesions symptoms,Tomato Late Blight
leaf showing leaf decay symptoms,Tomato Late Blight
leaf showing black rot symptoms,Tomato Late Blight
visible black rot on plant leaves,Tomato Late Blight
plant leaves show leaf decay,Tomato Late Blight
plant affected with water soaked lesions,Tomato Late Blight
visible black rot on plant leaves,Tomato Late Blight
clear signs of leaf decay,Tomato Late Blight
leaf showing black rot symptoms,Tomato Late Blight
leaf showing leaf decay symptoms,Tomato Late Blight
visible water soaked lesions on plant leaves,Tomato Late Blight
visible leaf decay on plant leaves,Tomato Late Blight
symptoms include water soaked lesions on leaves,Tomato Late Blight
symptoms include black rot on leaves,Tomato Late Blight
symptoms include black rot on leaves,Tomato Late Blight
clear signs of leaf decay,Tomato Late Blight
plant affected with leaf decay,Tomato Late Blight
leaf showing leaf decay symptoms,Tomato Late Blight
leaf showing water soaked lesions symptoms,Tomato Late Blight
clear signs of leaf decay,Tomato Late Blight
visible yellowing on plant leaves,Tomato Yellow Leaf Curl Virus
plant leaves show leaf curl,Tomato Yellow Leaf Curl Virus
leaves have yellowing,Tomato Yellow Leaf Curl Virus
visible yellowing on plant leaves,Tomato Yellow Leaf Curl Virus
symptoms include yellowing on leaves,Tomato Yellow Leaf Curl Virus
plant leaves show stunted growth,Tomato Yellow Leaf Curl Virus
clear signs of leaf curl,Tomato Yellow Leaf Curl Virus
leaves have stunted growth,Tomato Yellow Leaf Curl Virus
leaf showing stunted growth symptoms,Tomato Yellow Leaf Curl Virus
visible leaf curl on plant leaves,Tomato Yellow Leaf Curl Virus
symptoms include stunted growth on leaves,Tomato Yellow Leaf Curl Virus
symptoms include leaf curl on leaves,Tomato Yellow Leaf Curl Virus
leaf showing stunted growth symptoms,Tomato Yellow Leaf Curl Virus
symptoms include stunted growth on leaves,Tomato Yellow Leaf Curl Virus
leaves have yellowing,Tomato Yellow Leaf Curl Virus
leaf showing leaf curl symptoms,Tomato Yellow Leaf Curl Virus
leaves have leaf curl,Tomato Yellow Leaf Curl Virus
leaf showing yellowing symptoms,Tomato Yellow Leaf Curl Virus
visible leaf curl on plant leaves,Tomato Yellow Leaf Curl Virus
symptoms include leaf curl on leaves,Tomato Yellow Leaf Curl Virus
clear signs of yellowing,Tomato Yellow Leaf Curl Virus
visible yellowing on plant leaves,Tomato Yellow Leaf Curl Virus
plant affected with yellowing,Tomato Yellow Leaf Curl Virus
leaf showing leaf curl symptoms,Tomato Yellow Leaf Curl Virus
plant affected with yellowing,Tomato Yellow Leaf Curl Virus
visible stunted growth on plant leaves,Tomato Yellow Leaf Curl Virus
plant affected with leaf curl,Tomato Yellow Leaf Curl Virus
leaves have stunted growth,Tomato Yellow Leaf Curl Virus
leaf showing yellowing symptoms,Tomato Yellow Leaf Curl Virus
plant leaves show stunted growth,Tomato Yellow Leaf Curl Virus
plant leaves show stunted growth,Tomato Yellow Leaf Curl Virus
plant leaves show stunted growth,Tomato Yellow Leaf Curl Virus
clear signs of leaf curl,Tomato Yellow Leaf Curl Virus
leaves have yellowing,Tomato Yellow Leaf Curl Virus
visible yellowing on plant leaves,Tomato Yellow Leaf Curl Virus
plant affected with stunted growth,Tomato Yellow Leaf Curl Virus
symptoms include yellowing on leaves,Tomato Yellow Leaf Curl Virus
visible leaf curl on plant leaves,Tomato Yellow Leaf Curl Virus
leaf showing leaf curl symptoms,Tomato Yellow Leaf Curl Virus
leaves have stunted growth,Tomato Yellow Leaf Curl Virus
leaf showing leaf curl symptoms,Tomato Yellow Leaf Curl Virus
plant leaves show yellowing,Tomato Yellow Leaf Curl Virus
visible stunted growth on plant leaves,Tomato Yellow Leaf Curl Virus
leaves have leaf curl,Tomato Yellow Leaf Curl Virus
visible stunted growth on plant leaves,Tomato Yellow Leaf Curl Virus
visible yellowing on plant leaves,Tomato Yellow Leaf Curl Virus
leaf showing yellowing symptoms,Tomato Yellow Leaf Curl Virus
leaves have yellowing,Tomato Yellow Leaf Curl Virus
visible stunted growth on plant leaves,Tomato Yellow Leaf Curl Virus
leaves have stunted growth,Tomato Yellow Leaf Curl Virus
plant leaves show brown concentric rings,Potato Early Blight
clear signs of brown concentric rings,Potato Early Blight
leaves have brown concentric rings,Potato Early Blight
visible brown concentric rings on plant leaves,Potato Early Blight
leaf showing dry spots symptoms,Potato Early Blight
symptoms include brown concentric rings on leaves,Potato Early Blight
leaf showing dry spots symptoms,Potato Early Blight
leaves have brown concentric rings,Potato Early Blight
plant affected with brown concentric rings,Potato Early Blight
leaves have dry spots,Potato Early Blight
plant affected with brown concentric rings,Potato Early Blight
visible brown concentric rings on plant leaves,Potato Early Blight
plant affected with dry spots,Potato Early Blight
plant leaves show brown concentric rings,Potato Early Blight
plant affected with brown concentric rings,Potato Early Blight
plant affected with dry spots,Potato Early Blight
plant affected with brown concentric rings,Potato Early Blight
leaf showing dry spots symptoms,Potato Early Blight
leaf showing brown concentric rings symptoms,Potato Early Blight
symptoms include brown concentric rings on leaves,Potato Early Blight
leaf showing dry spots symptoms,Potato Early Blight
symptoms include brown concentric rings on leaves,Potato Early Blight
plant leaves show dry spots,Potato Early Blight
plant affected with dry spots,Potato Early Blight
plant affected with dry spots,Potato Early Blight
plant leaves show brown concentric rings,Potato Early Blight
leaves have brown concentric rings,Potato Early Blight
clear signs of dry spots,Potato Early Blight
plant affected with dry spots,Potato Early Blight
leaves have brown concentric rings,Potato Early Blight
symptoms include dry spots on leaves,Potato Early Blight
plant leaves show brown concentric rings,Potato Early Blight
symptoms include dry spots on leaves,Potato Early Blight
leaves have dry spots,Potato Early Blight
symptoms include dry spots on leaves,Potato Early Blight
symptoms include dry spots on leaves,Potato Early Blight
clear signs of dry spots,Potato Early Blight
plant leaves show brown concentric rings,Potato Early Blight
plant affected with dry spots,Potato Early Blight
clear signs of dry spots,Potato Early Blight
clear signs of dry spots,Potato Early Blight
plant leaves show dry spots,Potato Early Blight
leaves have dry spots,Potato Early Blight
clear signs of brown concentric rings,Potato Early Blight
plant leaves show brown concentric rings,Potato Early Blight
symptoms include brown concentric rings on leaves,Potato Early Blight
plant affected with brown concentric rings,Potato Early Blight
plant affected with dry spots,Potato Early Blight
plant affected with dry spots,Potato Early Blight
leaves have brown concentric rings,Potato Early Blight
plant affected with rotting leaves,Potato Late Blight
plant affected with dark lesions,Potato Late Blight
symptoms include rotting leaves on leaves,Potato Late Blight
plant affected with rotting leaves,Potato Late Blight
clear signs of rotting leaves,Potato Late Blight
plant affected with rotting leaves,Potato Late Blight
symptoms include rotting leaves on leaves,Potato Late Blight
leaf showing rotting leaves symptoms,Potato Late Blight
leaves have dark lesions,Potato Late Blight
plant affected with rotting leaves,Potato Late Blight
leaves have dark lesions,Potato Late Blight
plant affected with dark lesions,Potato Late Blight
plant leaves show dark lesions,Potato Late Blight
leaves have rotting leaves,Potato Late Blight
clear signs of dark lesions,Potato Late Blight
plant leaves show dark lesions,Potato Late Blight
clear signs of dark lesions,Potato Late Blight
plant affected with dark lesions,Potato Late Blight
plant leaves show dark lesions,Potato Late Blight
plant leaves show rotting leaves,Potato Late Blight
visible rotting leaves on plant leaves,Potato Late Blight
leaf showing dark lesions symptoms,Potato Late Blight
plant leaves show rotting leaves,Potato Late Blight
clear signs of dark lesions,Potato Late Blight
leaves have rotting leaves,Potato Late Blight
visible rotting leaves on plant leaves,Potato Late Blight
plant affected with rotting leaves,Potato Late Blight
leaf showing rotting leaves symptoms,Potato Late Blight
clear signs of rotting leaves,Potato Late Blight
plant affected with dark lesions,Potato Late Blight
leaf showing rotting leaves symptoms,Potato Late Blight
leaf showing dark lesions symptoms,Potato Late Blight
leaves have dark lesions,Potato Late Blight
clear signs of dark lesions,Potato Late Blight
leaves have dark lesions,Potato Late Blight
plant leaves show dark lesions,Potato Late Blight
plant leaves show dark lesions,Potato Late Blight
leaves have dark lesions,Potato Late Blight
plant leaves show rotting leaves,Potato Late Blight
plant affected with dark lesions,Potato Late Blight
clear signs of rotting leaves,Potato Late Blight
visible dark lesions on plant leaves,Potato Late Blight
symptoms include dark lesions on leaves,Potato Late Blight
leaves have dark lesions,Potato Late Blight
symptoms include rotting leaves on leaves,Potato Late Blight
leaves have dark lesions,Potato Late Blight
clear signs of dark lesions,Potato Late Blight
leaf showing dark lesions symptoms,Potato Late Blight
plant leaves show dark lesions,Potato Late Blight
plant affected with rotting leaves,Potato Late Blight
plant leaves show olive green spots,Apple Scab
symptoms include olive green spots on leaves,Apple Scab
leaves have olive green spots,Apple Scab
clear signs of olive green spots,Apple Scab
visible velvety lesions on plant leaves,Apple Scab
plant affected with velvety lesions,Apple Scab
visible olive green spots on plant leaves,Apple Scab
clear signs of olive green spots,Apple Scab
clear signs of velvety lesions,Apple Scab
plant affected with velvety lesions,Apple Scab
leaf showing olive green spots symptoms,Apple Scab
leaf showing velvety lesions symptoms,Apple Scab
leaves have velvety lesions,Apple Scab
plant leaves show velvety lesions,Apple Scab
plant leaves show velvety lesions,Apple Scab
plant affected with olive green spots,Apple Scab
leaves have olive green spots,Apple Scab
symptoms include velvety lesions on leaves,Apple Scab
leaf showing olive green spots symptoms,Apple Scab
symptoms include olive green spots on leaves,Apple Scab
clear signs of velvety lesions,Apple Scab
leaf showing velvety lesions symptoms,Apple Scab
visible olive green spots on plant leaves,Apple Scab
visible velvety lesions on plant leaves,Apple Scab
symptoms include velvety lesions on leaves,Apple Scab
plant affected with velvety lesions,Apple Scab
visible velvety lesions on plant leaves,Apple Scab
leaves have velvety lesions,Apple Scab
leaves have velvety lesions,Apple Scab
plant leaves show olive green spots,Apple Scab
visible olive green spots on plant leaves,Apple Scab
visible olive green spots on plant leaves,Apple Scab
visible velvety lesions on plant leaves,Apple Scab
leaves have olive green spots,Apple Scab
symptoms include velvety lesions on leaves,Apple Scab
visible velvety lesions on plant leaves,Apple Scab
visible velvety lesions on plant leaves,Apple Scab
plant leaves show velvety lesions,Apple Scab
leaves have olive green spots,Apple Scab
leaf showing olive green spots symptoms,Apple Scab
plant leaves show velvety lesions,Apple Scab
symptoms include velvety lesions on leaves,Apple Scab
plant affected with olive green spots,Apple Scab
leaves have olive green spots,Apple Scab
symptoms include olive green spots on leaves,Apple Scab
plant leaves show velvety lesions,Apple Scab
plant leaves show olive green spots,Apple Scab
plant affected with velvety lesions,Apple Scab
leaves have olive green spots,Apple Scab
plant affected with velvety lesions,Apple Scab
leaves have fungal growth,Apple Powdery Mildew
clear signs of fungal growth,Apple Powdery Mildew
leaf showing white powder symptoms,Apple Powdery Mildew
leaves have fungal growth,Apple Powdery Mildew
symptoms include white powder on leaves,Apple Powdery Mildew
plant affected with fungal growth,Apple Powdery Mildew
clear signs of fungal growth,Apple Powdery Mildew
leaf showing fungal growth symptoms,Apple Powdery Mildew
leaves have fungal growth,Apple Powdery Mildew
clear signs of white powder,Apple Powdery Mildew
plant affected with white powder,Apple Powdery Mildew
leaf showing white powder symptoms,Apple Powdery Mildew
clear signs of fungal growth,Apple Powdery Mildew
clear signs of fungal growth,Apple Powdery Mildew
leaves have fungal growth,Apple Powdery Mildew
symptoms include white powder on leaves,Apple Powdery Mildew
plant leaves show white powder,Apple Powdery Mildew
plant affected with fungal growth,Apple Powdery Mildew
clear signs of fungal growth,Apple Powdery Mildew
visible white powder on plant leaves,Apple Powdery Mildew
clear signs of white powder,Apple Powdery Mildew
symptoms include fungal growth on leaves,Apple Powdery Mildew
visible fungal growth on plant leaves,Apple Powdery Mildew
clear signs of fungal growth,Apple Powdery Mildew
leaf showing fungal growth symptoms,Apple Powdery Mildew
clear signs of fungal growth,Apple Powdery Mildew
leaves have white powder,Apple Powdery Mildew
plant affected with white powder,Apple Powdery Mildew
plant leaves show white powder,Apple Powdery Mildew
visible white powder on plant leaves,Apple Powdery Mildew
leaves have white powder,Apple Powdery Mildew
visible white powder on plant leaves,Apple Powdery Mildew
clear signs of fungal growth,Apple Powdery Mildew
symptoms include white powder on leaves,Apple Powdery Mildew
symptoms include white powder on leaves,Apple Powdery Mildew
clear signs of fungal growth,Apple Powdery Mildew
symptoms include fungal growth on leaves,Apple Powdery Mildew
leaf showing fungal growth symptoms,Apple Powdery Mildew
plant leaves show fungal growth,Apple Powdery Mildew
leaf showing white powder symptoms,Apple Powdery Mildew
visible fungal growth on plant leaves,Apple Powdery Mildew
visible white powder on plant leaves,Apple Powdery Mildew
symptoms include white powder on leaves,Apple Powdery Mildew
symptoms include fungal growth on leaves,Apple Powdery Mildew
symptoms include fungal growth on leaves,Apple Powdery Mildew
plant leaves show fungal growth,Apple Powdery Mildew
visible fungal growth on plant leaves,Apple Powdery Mildew
plant leaves show fungal growth,Apple Powdery Mildew
leaf showing fungal growth symptoms,Apple Powdery Mildew
plant leaves show fungal growth,Apple Powdery Mildew
symptoms include leaf lesions on leaves,Grape Black Rot
leaves have black spots,Grape Black Rot
plant leaves show black spots,Grape Black Rot
plant affected with black spots,Grape Black Rot
visible leaf lesions on plant leaves,Grape Black Rot
visible leaf lesions on plant leaves,Grape Black Rot
visible black spots on plant leaves,Grape Black Rot
symptoms include leaf lesions on leaves,Grape Black Rot
symptoms include black spots on leaves,Grape Black Rot
leaves have black spots,Grape Black Rot
plant affected with black spots,Grape Black Rot
leaves have leaf lesions,Grape Black Rot
plant leaves show leaf lesions,Grape Black Rot
clear signs of black spots,Grape Black Rot
leaf showing black spots symptoms,Grape Black Rot
visible leaf lesions on plant leaves,Grape Black Rot
symptoms include black spots on leaves,Grape Black Rot
visible black spots on plant leaves,Grape Black Rot
symptoms include black spots on leaves,Grape Black Rot
leaves have leaf lesions,Grape Black Rot
plant leaves show black spots,Grape Black Rot
plant affected with leaf lesions,Grape Black Rot
clear signs of leaf lesions,Grape Black Rot
plant affected with black spots,Grape Black Rot
leaves have leaf lesions,Grape Black Rot
visible leaf lesions on plant leaves,Grape Black Rot
clear signs of black spots,Grape Black Rot
plant leaves show black spots,Grape Black Rot
plant affected with black spots,Grape Black Rot
visible black spots on plant leaves,Grape Black Rot
visible leaf lesions on plant leaves,Grape Black Rot
clear signs of black spots,Grape Black Rot
plant affected with leaf lesions,Grape Black Rot
plant affected with leaf lesions,Grape Black Rot
plant affected with leaf lesions,Grape Black Rot
plant leaves show leaf lesions,Grape Black Rot
leaf showing leaf lesions symptoms,Grape Black Rot
leaves have leaf lesions,Grape Black Rot
clear signs of black spots,Grape Black Rot
symptoms include leaf lesions on leaves,Grape Black Rot
leaves have leaf lesions,Grape Black Rot
leaves have leaf lesions,Grape Black Rot
leaf showing leaf lesions symptoms,Grape Black Rot
leaf showing leaf lesions symptoms,Grape Black Rot
leaves have black spots,Grape Black Rot
plant affected with leaf lesions,Grape Black Rot
visible black spots on plant leaves,Grape Black Rot
clear signs of leaf lesions,Grape Black Rot
leaf showing leaf lesions symptoms,Grape Black Rot
plant affected with black spots,Grape Black Rot
plant affected with white coating,Grape Powdery Mildew
leaf showing powdery growth symptoms,Grape Powdery Mildew
plant leaves show white coating,Grape Powdery Mildew
leaf showing powdery growth symptoms,Grape Powdery Mildew
plant leaves show white coating,Grape Powdery Mildew
visible white coating on plant leaves,Grape Powdery Mildew
plant leaves show white coating,Grape Powdery Mildew
plant leaves show powdery growth,Grape Powdery Mildew
symptoms include powdery growth on leaves,Grape Powdery Mildew
clear signs of powdery growth,Grape Powdery Mildew
symptoms include powdery growth on leaves,Grape Powdery Mildew
visible white coating on plant leaves,Grape Powdery Mildew
visible powdery growth on plant leaves,Grape Powdery Mildew
leaves have white coating,Grape Powdery Mildew
leaf showing white coating symptoms,Grape Powdery Mildew
plant affected with white coating,Grape Powdery Mildew
symptoms include white coating on leaves,Grape Powdery Mildew
leaf showing powdery growth symptoms,Grape Powdery Mildew
leaves have powdery growth,Grape Powdery Mildew
symptoms include powdery growth on leaves,Grape Powdery Mildew
leaf showing white coating symptoms,Grape Powdery Mildew
clear signs of white coating,Grape Powdery Mildew
plant leaves show powdery growth,Grape Powdery Mildew
plant leaves show powdery growth,Grape Powdery Mildew
leaves have powdery growth,Grape Powdery Mildew
leaves have white coating,Grape Powdery Mildew
plant affected with powdery growth,Grape Powdery Mildew
symptoms include powdery growth on leaves,Grape Powdery Mildew
clear signs of powdery growth,Grape Powdery Mildew
leaf showing powdery growth symptoms,Grape Powdery Mildew
symptoms include powdery growth on leaves,Grape Powdery Mildew
plant leaves show powdery growth,Grape Powdery Mildew
visible powdery growth on plant leaves,Grape Powdery Mildew
leaf showing powdery growth symptoms,Grape Powdery Mildew
visible powdery growth on plant leaves,Grape Powdery Mildew
clear signs of white coating,Grape Powdery Mildew
plant leaves show white coating,Grape Powdery Mildew
leaves have white coating,Grape Powdery Mildew
plant leaves show white coating,Grape Powdery Mildew
leaf showing white coating symptoms,Grape Powdery Mildew
leaves have white coating,Grape Powdery Mildew
plant affected with powdery growth,Grape Powdery Mildew
visible powdery growth on plant leaves,Grape Powdery Mildew
leaves have powdery growth,Grape Powdery Mildew
plant leaves show white coating,Grape Powdery Mildew
leaves have white coating,Grape Powdery Mildew
symptoms include powdery growth on leaves,Grape Powdery Mildew
leaves have powdery growth,Grape Powdery Mildew
leaf showing white coating symptoms,Grape Powdery Mildew
clear signs of powdery growth,Grape Powdery Mildew
plant leaves show reddish spots,Corn Rust
plant affected with reddish spots,Corn Rust
leaves have rust pustules,Corn Rust
leaf showing rust pustules symptoms,Corn Rust
leaves have reddish spots,Corn Rust
clear signs of reddish spots,Corn Rust
leaves have reddish spots,Corn Rust
leaves have rust pustules,Corn Rust
symptoms include reddish spots on leaves,Corn Rust
symptoms include reddish spots on leaves,Corn Rust
plant leaves show rust pustules,Corn Rust
leaf showing reddish spots symptoms,Corn Rust
leaf showing reddish spots symptoms,Corn Rust
leaves have reddish spots,Corn Rust
plant leaves show reddish spots,Corn Rust
visible rust pustules on plant leaves,Corn Rust
visible rust pustules on plant leaves,Corn Rust
visible reddish spots on plant leaves,Corn Rust
plant affected with rust pustules,Corn Rust
symptoms include rust pustules on leaves,Corn Rust
leaves have reddish spots,Corn Rust
plant leaves show rust pustules,Corn Rust
leaves have rust pustules,Corn Rust
visible rust pustules on plant leaves,Corn Rust
plant leaves show reddish spots,Corn Rust
plant leaves show rust pustules,Corn Rust
plant leaves show reddish spots,Corn Rust
leaves have reddish spots,Corn Rust
leaves have reddish spots,Corn Rust
plant leaves show reddish spots,Corn Rust
leaves have rust pustules,Corn Rust
symptoms include rust pustules on leaves,Corn Rust
symptoms include rust pustules on leaves,Corn Rust
symptoms include reddish spots on leaves,Corn Rust
visible reddish spots on plant leaves,Corn Rust
leaf showing rust pustules symptoms,Corn Rust
plant leaves show reddish spots,Corn Rust
clear signs of rust pustules,Corn Rust
plant affected with reddish spots,Corn Rust
symptoms include rust pustules on leaves,Corn Rust
symptoms include reddish spots on leaves,Corn Rust
leaves have reddish spots,Corn Rust
plant leaves show rust pustules,Corn Rust
visible reddish spots on plant leaves,Corn Rust
leaves have rust pustules,Corn Rust
plant affected with rust pustules,Corn Rust
visible reddish spots on plant leaves,Corn Rust
plant affected with reddish spots,Corn Rust
symptoms include reddish spots on leaves,Corn Rust
visible reddish spots on plant leaves,Corn Rust
plant affected with brown streaks,Rice Brown Spot
leaf showing leaf lesions symptoms,Rice Brown Spot
clear signs of brown streaks,Rice Brown Spot
clear signs of brown streaks,Rice Brown Spot
symptoms include brown streaks on leaves,Rice Brown Spot
leaf showing brown streaks symptoms,Rice Brown Spot
visible brown streaks on plant leaves,Rice Brown Spot
plant leaves show leaf lesions,Rice Brown Spot
clear signs of leaf lesions,Rice Brown Spot
plant affected with brown streaks,Rice Brown Spot
clear signs of brown streaks,Rice Brown Spot
leaf showing brown streaks symptoms,Rice Brown Spot
clear signs of leaf lesions,Rice Brown Spot
symptoms include brown streaks on leaves,Rice Brown Spot
plant affected with brown streaks,Rice Brown Spot
visible leaf lesions on plant leaves,Rice Brown Spot
leaf showing brown streaks symptoms,Rice Brown Spot
visible brown streaks on plant leaves,Rice Brown Spot
leaf showing leaf lesions symptoms,Rice Brown Spot
clear signs of leaf lesions,Rice Brown Spot
symptoms include brown streaks on leaves,Rice Brown Spot
symptoms include leaf lesions on leaves,Rice Brown Spot
symptoms include brown streaks on leaves,Rice Brown Spot
leaves have leaf lesions,Rice Brown Spot
leaf showing leaf lesions symptoms,Rice Brown Spot
clear signs of brown streaks,Rice Brown Spot
leaves have leaf lesions,Rice Brown Spot
clear signs of brown streaks,Rice Brown Spot
leaf showing brown streaks symptoms,Rice Brown Spot
symptoms include brown streaks on leaves,Rice Brown Spot
visible brown streaks on plant leaves,Rice Brown Spot
plant affected with brown streaks,Rice Brown Spot
clear signs of brown streaks,Rice Brown Spot
leaf showing brown streaks symptoms,Rice Brown Spot
visible brown streaks on plant leaves,Rice Brown Spot
symptoms include brown streaks on leaves,Rice Brown Spot
symptoms include brown streaks on leaves,Rice Brown Spot
leaf showing brown streaks symptoms,Rice Brown Spot
visible brown streaks on plant leaves,Rice Brown Spot
leaves have brown streaks,Rice Brown Spot
plant leaves show brown streaks,Rice Brown Spot
plant affected with leaf lesions,Rice Brown Spot
visible brown streaks on plant leaves,Rice Brown Spot
clear signs of leaf lesions,Rice Brown Spot
clear signs of brown streaks,Rice Brown Spot
clear signs of leaf lesions,Rice Brown Spot
clear signs of leaf lesions,Rice Brown Spot
plant leaves show leaf lesions,Rice Brown Spot
plant affected with leaf lesions,Rice Brown Spot
plant leaves show brown streaks,Rice Brown Spot
leaf showing black streaks symptoms,Banana Sigatoka
leaves have black streaks,Banana Sigatoka
plant affected with black streaks,Banana Sigatoka
plant affected with black streaks,Banana Sigatoka
symptoms include black streaks on leaves,Banana Sigatoka
leaf showing black streaks symptoms,Banana Sigatoka
clear signs of yellow spots,Banana Sigatoka
visible yellow spots on plant leaves,Banana Sigatoka
visible black streaks on plant leaves,Banana Sigatoka
visible black streaks on plant leaves,Banana Sigatoka
plant affected with black streaks,Banana Sigatoka
symptoms include black streaks on leaves,Banana Sigatoka
visible black streaks on plant leaves,Banana Sigatoka
leaf showing black streaks symptoms,Banana Sigatoka
plant affected with black streaks,Banana Sigatoka
symptoms include yellow spots on leaves,Banana Sigatoka
symptoms include black streaks on leaves,Banana Sigatoka
visible yellow spots on plant leaves,Banana Sigatoka
visible yellow spots on plant leaves,Banana Sigatoka
plant affected with yellow spots,Banana Sigatoka
plant affected with yellow spots,Banana Sigatoka
symptoms include black streaks on leaves,Banana Sigatoka
leaf showing yellow spots symptoms,Banana Sigatoka
plant leaves show yellow spots,Banana Sigatoka
visible black streaks on plant leaves,Banana Sigatoka
plant affected with yellow spots,Banana Sigatoka
symptoms include yellow spots on leaves,Banana Sigatoka
symptoms include black streaks on leaves,Banana Sigatoka
clear signs of black streaks,Banana Sigatoka
clear signs of yellow spots,Banana Sigatoka
clear signs of black streaks,Banana Sigatoka
clear signs of yellow spots,Banana Sigatoka
visible yellow spots on plant leaves,Banana Sigatoka
plant affected with black streaks,Banana Sigatoka
plant affected with black streaks,Banana Sigatoka
plant leaves show black streaks,Banana Sigatoka
leaf showing yellow spots symptoms,Banana Sigatoka
symptoms include black streaks on leaves,Banana Sigatoka
plant leaves show black streaks,Banana Sigatoka
clear signs of yellow spots,Banana Sigatoka
plant leaves show black streaks,Banana Sigatoka
clear signs of yellow spots,Banana Sigatoka
plant affected with yellow spots,Banana Sigatoka
plant leaves show yellow spots,Banana Sigatoka
leaf showing black streaks symptoms,Banana Sigatoka
symptoms include yellow spots on leaves,Banana Sigatoka
leaves have yellow spots,Banana Sigatoka
leaf showing black streaks symptoms,Banana Sigatoka
visible black streaks on plant leaves,Banana Sigatoka
visible black streaks on plant leaves,Banana Sigatoka
visible fruit rot on plant leaves,Mango Anthracnose
plant affected with black lesions,Mango Anthracnose
plant leaves show fruit rot,Mango Anthracnose
leaf showing fruit rot symptoms,Mango Anthracnose
plant leaves show fruit rot,Mango Anthracnose
symptoms include black lesions on leaves,Mango Anthracnose
plant leaves show black lesions,Mango Anthracnose
leaf showing black lesions symptoms,Mango Anthracnose
leaf showing black lesions symptoms,Mango Anthracnose
symptoms include fruit rot on leaves,Mango Anthracnose
leaves have black lesions,Mango Anthracnose
plant affected with fruit rot,Mango Anthracnose
leaf showing fruit rot symptoms,Mango Anthracnose
clear signs of fruit rot,Mango Anthracnose
visible black lesions on plant leaves,Mango Anthracnose
symptoms include fruit rot on leaves,Mango Anthracnose
plant leaves show black lesions,Mango Anthracnose
leaves have fruit rot,Mango Anthracnose
clear signs of fruit rot,Mango Anthracnose
plant leaves show fruit rot,Mango Anthracnose
leaves have fruit rot,Mango Anthracnose
symptoms include fruit rot on leaves,Mango Anthracnose
symptoms include fruit rot on leaves,Mango Anthracnose
plant leaves show black lesions,Mango Anthracnose
clear signs of black lesions,Mango Anthracnose
leaf showing fruit rot symptoms,Mango Anthracnose
leaf showing fruit rot symptoms,Mango Anthracnose
plant leaves show black lesions,Mango Anthracnose
leaves have fruit rot,Mango Anthracnose
clear signs of black lesions,Mango Anthracnose
leaf showing black lesions symptoms,Mango Anthracnose
visible black lesions on plant leaves,Mango Anthracnose
leaves have black lesions,Mango Anthracnose
plant leaves show black lesions,Mango Anthracnose
plant leaves show fruit rot,Mango Anthracnose
leaf showing black lesions symptoms,Mango Anthracnose
plant affected with black lesions,Mango Anthracnose
plant leaves show black lesions,Mango Anthracnose
visible black lesions on plant leaves,Mango Anthracnose
leaves have fruit rot,Mango Anthracnose
plant affected with black lesions,Mango Anthracnose
plant affected with fruit rot,Mango Anthracnose
symptoms include fruit rot on leaves,Mango Anthracnose
visible fruit rot on plant leaves,Mango Anthracnose
leaves have fruit rot,Mango Anthracnose
clear signs of fruit rot,Mango Anthracnose
visible fruit rot on plant leaves,Mango Anthracnose
symptoms include fruit rot on leaves,Mango Anthracnose
plant affected with fruit rot,Mango Anthracnose
visible black lesions on plant leaves,Mango Anthracnose
clear signs of angular spots,Cucumber Downy Mildew
leaf showing angular spots symptoms,Cucumber Downy Mildew
leaves have yellow patches,Cucumber Downy Mildew
visible angular spots on plant leaves,Cucumber Downy Mildew
plant affected with angular spots,Cucumber Downy Mildew
plant affected with yellow patches,Cucumber Downy Mildew
visible angular spots on plant leaves,Cucumber Downy Mildew
plant leaves show yellow patches,Cucumber Downy Mildew
plant leaves show angular spots,Cucumber Downy Mildew
plant leaves show angular spots,Cucumber Downy Mildew
plant affected with yellow patches,Cucumber Downy Mildew
symptoms include angular spots on leaves,Cucumber Downy Mildew
plant affected with angular spots,Cucumber Downy Mildew
leaf showing yellow patches symptoms,Cucumber Downy Mildew
symptoms include angular spots on leaves,Cucumber Downy Mildew
plant leaves show yellow patches,Cucumber Downy Mildew
visible yellow patches on plant leaves,Cucumber Downy Mildew
leaf showing angular spots symptoms,Cucumber Downy Mildew
plant affected with yellow patches,Cucumber Downy Mildew
leaves have yellow patches,Cucumber Downy Mildew
plant leaves show angular spots,Cucumber Downy Mildew
leaves have angular spots,Cucumber Downy Mildew
leaf showing yellow patches symptoms,Cucumber Downy Mildew
clear signs of yellow patches,Cucumber Downy Mildew
plant affected with yellow patches,Cucumber Downy Mildew
symptoms include yellow patches on leaves,Cucumber Downy Mildew
symptoms include yellow patches on leaves,Cucumber Downy Mildew
leaf showing yellow patches symptoms,Cucumber Downy Mildew
leaf showing angular spots symptoms,Cucumber Downy Mildew
leaf showing angular spots symptoms,Cucumber Downy Mildew
clear signs of yellow patches,Cucumber Downy Mildew
leaves have yellow patches,Cucumber Downy Mildew
plant affected with angular spots,Cucumber Downy Mildew
visible angular spots on plant leaves,Cucumber Downy Mildew
visible angular spots on plant leaves,Cucumber Downy Mildew
symptoms include angular spots on leaves,Cucumber Downy Mildew
plant affected with yellow patches,Cucumber Downy Mildew
plant leaves show yellow patches,Cucumber Downy Mildew
clear signs of yellow patches,Cucumber Downy Mildew
plant leaves show angular spots,Cucumber Downy Mildew
leaves have angular spots,Cucumber Downy Mildew
plant leaves show angular spots,Cucumber Downy Mildew
plant affected with yellow patches,Cucumber Downy Mildew
symptoms include yellow patches on leaves,Cucumber Downy Mildew
leaf showing angular spots symptoms,Cucumber Downy Mildew
leaf showing yellow patches symptoms,Cucumber Downy Mildew
plant affected with angular spots,Cucumber Downy Mildew
visible yellow patches on plant leaves,Cucumber Downy Mildew
plant leaves show angular spots,Cucumber Downy Mildew
clear signs of angular spots,Cucumber Downy Mildew
leaves have red spots,Strawberry Leaf Scorch
leaf showing leaf burn symptoms,Strawberry Leaf Scorch
symptoms include leaf burn on leaves,Strawberry Leaf Scorch
plant leaves show leaf burn,Strawberry Leaf Scorch
leaves have leaf burn,Strawberry Leaf Scorch
plant affected with leaf burn,Strawberry Leaf Scorch
leaves have red spots,Strawberry Leaf Scorch
leaf showing red spots symptoms,Strawberry Leaf Scorch
plant leaves show leaf burn,Strawberry Leaf Scorch
plant leaves show leaf burn,Strawberry Leaf Scorch
visible leaf burn on plant leaves,Strawberry Leaf Scorch
symptoms include leaf burn on leaves,Strawberry Leaf Scorch
plant affected with leaf burn,Strawberry Leaf Scorch
leaves have leaf burn,Strawberry Leaf Scorch
leaf showing leaf burn symptoms,Strawberry Leaf Scorch
leaf showing red spots symptoms,Strawberry Leaf Scorch
leaves have leaf burn,Strawberry Leaf Scorch
symptoms include red spots on leaves,Strawberry Leaf Scorch
plant affected with red spots,Strawberry Leaf Scorch
plant leaves show leaf burn,Strawberry Leaf Scorch
visible red spots on plant leaves,Strawberry Leaf Scorch
leaf showing red spots symptoms,Strawberry Leaf Scorch
leaves have red spots,Strawberry Leaf Scorch
plant affected with leaf burn,Strawberry Leaf Scorch
plant affected with red spots,Strawberry Leaf Scorch
leaf showing leaf burn symptoms,Strawberry Leaf Scorch
plant leaves show leaf burn,Strawberry Leaf Scorch
plant leaves show leaf burn,Strawberry Leaf Scorch
visible leaf burn on plant leaves,Strawberry Leaf Scorch
plant leaves show leaf burn,Strawberry Leaf Scorch
symptoms include leaf burn on leaves,Strawberry Leaf Scorch
visible leaf burn on plant leaves,Strawberry Leaf Scorch
plant leaves show leaf burn,Strawberry Leaf Scorch
clear signs of leaf burn,Strawberry Leaf Scorch
symptoms include leaf burn on leaves,Strawberry Leaf Scorch
visible leaf burn on plant leaves,Strawberry Leaf Scorch
plant affected with red spots,Strawberry Leaf Scorch
plant affected with leaf burn,Strawberry Leaf Scorch
leaves have red spots,Strawberry Leaf Scorch
leaves have red spots,Strawberry Leaf Scorch
plant leaves show red spots,Strawberry Leaf Scorch
leaves have leaf burn,Strawberry Leaf Scorch
leaves have red spots,Strawberry Leaf Scorch
leaves have leaf burn,Strawberry Leaf Scorch
visible red spots on plant leaves,Strawberry Leaf Scorch
plant affected with leaf burn,Strawberry Leaf Scorch
leaf showing leaf burn symptoms,Strawberry Leaf Scorch
leaves have leaf burn,Strawberry Leaf Scorch
visible red spots on plant leaves,Strawberry Leaf Scorch
plant affected with red spots,Strawberry Leaf Scorch
plant affected with rust spots,Soybean Rust
plant affected with leaf discoloration,Soybean Rust
visible rust spots on plant leaves,Soybean Rust
leaves have rust spots,Soybean Rust
plant affected with leaf discoloration,Soybean Rust
visible leaf discoloration on plant leaves,Soybean Rust
symptoms include rust spots on leaves,Soybean Rust
symptoms include leaf discoloration on leaves,Soybean Rust
leaf showing rust spots symptoms,Soybean Rust
plant affected with rust spots,Soybean Rust
leaves have leaf discoloration,Soybean Rust
leaf showing rust spots symptoms,Soybean Rust
leaves have rust spots,Soybean Rust
clear signs of leaf discoloration,Soybean Rust
leaves have rust spots,Soybean Rust
visible leaf discoloration on plant leaves,Soybean Rust
symptoms include leaf discoloration on leaves,Soybean Rust
symptoms include leaf discoloration on leaves,Soybean Rust
visible leaf discoloration on plant leaves,Soybean Rust
plant leaves show leaf discoloration,Soybean Rust
symptoms include leaf discoloration on leaves,Soybean Rust
clear signs of rust spots,Soybean Rust
leaf showing rust spots symptoms,Soybean Rust
visible leaf discoloration on plant leaves,Soybean Rust
symptoms include rust spots on leaves,Soybean Rust
plant leaves show rust spots,Soybean Rust
symptoms include rust spots on leaves,Soybean Rust
clear signs of rust spots,Soybean Rust
leaf showing rust spots symptoms,Soybean Rust
symptoms include leaf discoloration on leaves,Soybean Rust
visible leaf discoloration on plant leaves,Soybean Rust
plant leaves show rust spots,Soybean Rust
leaves have rust spots,Soybean Rust
plant affected with rust spots,Soybean Rust
leaf showing rust spots symptoms,Soybean Rust
clear signs of leaf discoloration,Soybean Rust
visible rust spots on plant leaves,Soybean Rust
leaves have leaf discoloration,Soybean Rust
symptoms include leaf discoloration on leaves,Soybean Rust
visible leaf discoloration on plant leaves,Soybean Rust
leaves have rust spots,Soybean Rust
leaf showing rust spots symptoms,Soybean Rust
leaves have rust spots,Soybean Rust
plant leaves show rust spots,Soybean Rust
visible rust spots on plant leaves,Soybean Rust
plant affected with rust spots,Soybean Rust
visible rust spots on plant leaves,Soybean Rust
plant leaves show rust spots,Soybean Rust
leaves have leaf discoloration,Soybean Rust
visible leaf discoloration on plant leaves,Soybean Rust
visible leaf drop on plant leaves,Coffee Leaf Rust
plant leaves show orange spots,Coffee Leaf Rust
clear signs of orange spots,Coffee Leaf Rust
clear signs of leaf drop,Coffee Leaf Rust
symptoms include leaf drop on leaves,Coffee Leaf Rust
plant leaves show leaf drop,Coffee Leaf Rust
leaves have leaf drop,Coffee Leaf Rust
leaves have orange spots,Coffee Leaf Rust
symptoms include orange spots on leaves,Coffee Leaf Rust
clear signs of orange spots,Coffee Leaf Rust
plant leaves show leaf drop,Coffee Leaf Rust
clear signs of orange spots,Coffee Leaf Rust
plant leaves show orange spots,Coffee Leaf Rust
clear signs of leaf drop,Coffee Leaf Rust
plant leaves show leaf drop,Coffee Leaf Rust
symptoms include leaf drop on leaves,Coffee Leaf Rust
symptoms include orange spots on leaves,Coffee Leaf Rust
clear signs of orange spots,Coffee Leaf Rust
visible orange spots on plant leaves,Coffee Leaf Rust
symptoms include leaf drop on leaves,Coffee Leaf Rust
leaf showing orange spots symptoms,Coffee Leaf Rust
plant leaves show orange spots,Coffee Leaf Rust
leaves have orange spots,Coffee Leaf Rust
plant affected with leaf drop,Coffee Leaf Rust
leaves have leaf drop,Coffee Leaf Rust
leaf showing leaf drop symptoms,Coffee Leaf Rust
leaf showing leaf drop symptoms,Coffee Leaf Rust
leaves have leaf drop,Coffee Leaf Rust
plant leaves show orange spots,Coffee Leaf Rust
leaf showing orange spots symptoms,Coffee Leaf Rust
plant affected with orange spots,Coffee Leaf Rust
leaves have orange spots,Coffee Leaf Rust
plant affected with leaf drop,Coffee Leaf Rust
clear signs of orange spots,Coffee Leaf Rust
plant leaves show leaf drop,Coffee Leaf Rust
visible orange spots on plant leaves,Coffee Leaf Rust
clear signs of leaf drop,Coffee Leaf Rust
symptoms include leaf drop on leaves,Coffee Leaf Rust
plant affected with leaf drop,Coffee Leaf Rust
visible orange spots on plant leaves,Coffee Leaf Rust
plant affected with orange spots,Coffee Leaf Rust
plant affected with leaf drop,Coffee Leaf Rust
plant affected with leaf drop,Coffee Leaf Rust
plant leaves show orange spots,Coffee Leaf Rust
plant leaves show leaf drop,Coffee Leaf Rust
clear signs of orange spots,Coffee Leaf Rust
plant leaves show leaf drop,Coffee Leaf Rust
visible leaf drop on plant leaves,Coffee Leaf Rust
visible leaf drop on plant leaves,Coffee Leaf Rust
clear signs of orange spots,Coffee Leaf Rust
plant affected with yellowing,Chili Leaf Curl Virus
clear signs of leaf curling,Chili Leaf Curl Virus
plant leaves show yellowing,Chili Leaf Curl Virus
plant leaves show leaf curling,Chili Leaf Curl Virus
plant leaves show yellowing,Chili Leaf Curl Virus
clear signs of leaf curling,Chili Leaf Curl Virus
leaves have yellowing,Chili Leaf Curl Virus
clear signs of leaf curling,Chili Leaf Curl Virus
plant leaves show leaf curling,Chili Leaf Curl Virus
visible yellowing on plant leaves,Chili Leaf Curl Virus
leaves have leaf curling,Chili Leaf Curl Virus
plant affected with leaf curling,Chili Leaf Curl Virus
leaf showing yellowing symptoms,Chili Leaf Curl Virus
plant affected with leaf curling,Chili Leaf Curl Virus
visible leaf curling on plant leaves,Chili Leaf Curl Virus
plant leaves show yellowing,Chili Leaf Curl Virus
leaves have leaf curling,Chili Leaf Curl Virus
plant affected with leaf curling,Chili Leaf Curl Virus
clear signs of leaf curling,Chili Leaf Curl Virus
clear signs of yellowing,Chili Leaf Curl Virus
plant affected with yellowing,Chili Leaf Curl Virus
leaves have yellowing,Chili Leaf Curl Virus
leaves have leaf curling,Chili Leaf Curl Virus
symptoms include yellowing on leaves,Chili Leaf Curl Virus
plant affected with leaf curling,Chili Leaf Curl Virus
clear signs of leaf curling,Chili Leaf Curl Virus
leaves have yellowing,Chili Leaf Curl Virus
leaf showing leaf curling symptoms,Chili Leaf Curl Virus
visible leaf curling on plant leaves,Chili Leaf Curl Virus
plant leaves show yellowing,Chili Leaf Curl Virus
leaf showing yellowing symptoms,Chili Leaf Curl Virus
plant leaves show yellowing,Chili Leaf Curl Virus
plant affected with yellowing,Chili Leaf Curl Virus
leaves have yellowing,Chili Leaf Curl Virus
leaf showing leaf curling symptoms,Chili Leaf Curl Virus
symptoms include yellowing on leaves,Chili Leaf Curl Virus
symptoms include yellowing on leaves,Chili Leaf Curl Virus
visible leaf curling on plant leaves,Chili Leaf Curl Virus
leaf showing leaf curling symptoms,Chili Leaf Curl Virus
leaves have yellowing,Chili Leaf Curl Virus
symptoms include yellowing on leaves,Chili Leaf Curl Virus
symptoms include yellowing on leaves,Chili Leaf Curl Virus
visible yellowing on plant leaves,Chili Leaf Curl Virus
leaves have yellowing,Chili Leaf Curl Virus
plant affected with yellowing,Chili Leaf Curl Virus
leaf showing leaf curling symptoms,Chili Leaf Curl Virus
clear signs of yellowing,Chili Leaf Curl Virus
visible yellowing on plant leaves,Chili Leaf Curl Virus
leaf showing leaf curling symptoms,Chili Leaf Curl Virus
plant leaves show yellowing,Chili Leaf Curl Virus
visible distortion on plant leaves,Cotton Leaf Curl Virus
plant leaves show leaf curl,Cotton Leaf Curl Virus
leaves have leaf curl,Cotton Leaf Curl Virus
leaves have distortion,Cotton Leaf Curl Virus
symptoms include distortion on leaves,Cotton Leaf Curl Virus
plant leaves show leaf curl,Cotton Leaf Curl Virus
clear signs of leaf curl,Cotton Leaf Curl Virus
leaves have distortion,Cotton Leaf Curl Virus
clear signs of leaf curl,Cotton Leaf Curl Virus
plant affected with distortion,Cotton Leaf Curl Virus
symptoms include distortion on leaves,Cotton Leaf Curl Virus
plant leaves show distortion,Cotton Leaf Curl Virus
symptoms include leaf curl on leaves,Cotton Leaf Curl Virus
visible distortion on plant leaves,Cotton Leaf Curl Virus
plant leaves show leaf curl,Cotton Leaf Curl Virus
clear signs of distortion,Cotton Leaf Curl Virus
plant affected with leaf curl,Cotton Leaf Curl Virus
clear signs of distortion,Cotton Leaf Curl Virus
symptoms include leaf curl on leaves,Cotton Leaf Curl Virus
plant leaves show distortion,Cotton Leaf Curl Virus
leaves have leaf curl,Cotton Leaf Curl Virus
leaves have leaf curl,Cotton Leaf Curl Virus
leaves have leaf curl,Cotton Leaf Curl Virus
clear signs of leaf curl,Cotton Leaf Curl Virus
symptoms include leaf curl on leaves,Cotton Leaf Curl Virus
plant affected with leaf curl,Cotton Leaf Curl Virus
leaves have distortion,Cotton Leaf Curl Virus
visible distortion on plant leaves,Cotton Leaf Curl Virus
plant leaves show leaf curl,Cotton Leaf Curl Virus
visible distortion on plant leaves,Cotton Leaf Curl Virus
leaves have leaf curl,Cotton Leaf Curl Virus
leaves have distortion,Cotton Leaf Curl Virus
clear signs of leaf curl,Cotton Leaf Curl Virus
visible distortion on plant leaves,Cotton Leaf Curl Virus
plant leaves show distortion,Cotton Leaf Curl Virus
symptoms include leaf curl on leaves,Cotton Leaf Curl Virus
symptoms include leaf curl on leaves,Cotton Leaf Curl Virus
leaves have distortion,Cotton Leaf Curl Virus
plant leaves show leaf curl,Cotton Leaf Curl Virus
symptoms include leaf curl on leaves,Cotton Leaf Curl Virus
leaf showing distortion symptoms,Cotton Leaf Curl Virus
symptoms include distortion on leaves,Cotton Leaf Curl Virus
visible distortion on plant leaves,Cotton Leaf Curl Virus
plant leaves show leaf curl,Cotton Leaf Curl Virus
clear signs of distortion,Cotton Leaf Curl Virus
visible leaf curl on plant leaves,Cotton Leaf Curl Virus
leaves have distortion,Cotton Leaf Curl Virus
plant leaves show leaf curl,Cotton Leaf Curl Virus
clear signs of distortion,Cotton Leaf Curl Virus
plant leaves show leaf curl,Cotton Leaf Curl Virus
